driverId,url_driver_photo
1,https://www.f1-fansite.com/wp-content/uploads/2020/08/Lewis-Hamilton-2020.jpg
3,https://www.f1-fansite.com/wp-content/uploads/2012/07/2016-Nico-Rosberg-170x363.jpg
4,https://www.f1-fansite.com/wp-content/uploads/2021/04/Fernando-Alonso-2021-portret.jpg
8,https://www.f1-fansite.com/wp-content/uploads/2019/04/Kimi-Raikkonen-info-and-stats.jpg
18,https://www.f1-fansite.com/wp-content/uploads/2012/07/2016-Jenson-Button.jpg
20,https://www.f1-fansite.com/wp-content/uploads/2021/04/Sebastian-Vettel-portrait.jpg
30,https://www.f1-fansite.com/wp-content/uploads/2012/07/157357453-637102042012-420x600.jpg
35,https://www.f1-fansite.com/wp-content/uploads/2012/06/jacques-villeneuve-1997.jpg
57,https://www.f1-fansite.com/wp-content/uploads/2012/06/mika-hakkinen-2000.jpg
71,https://www.f1-fansite.com/wp-content/uploads/2012/06/damon-hill-1996.jpg
95,https://www.f1-fansite.com/wp-content/uploads/2012/06/nigel-mansell-1990.jpg
102,https://www.f1-fansite.com/wp-content/uploads/2012/06/Ayrton-Senna.jpg
117,https://www.f1-fansite.com/wp-content/uploads/2012/06/alain-prost-1993.jpg
137,https://www.f1-fansite.com/wp-content/uploads/2012/06/nelson-piquet-1991.jpg
177,https://www.f1-fansite.com/wp-content/uploads/2012/06/keke-rosberg.jpg
178,https://www.f1-fansite.com/wp-content/uploads/2012/06/alan-jones-1977.jpg
182,https://www.f1-fansite.com/wp-content/uploads/2012/06/niki-lauda-1984.jpg
207,https://www.f1-fansite.com/wp-content/uploads/2012/06/mario-andretti.jpg
222,https://www.f1-fansite.com/wp-content/uploads/2012/06/jody-scheckter.jpg
224,https://www.f1-fansite.com/wp-content/uploads/2012/06/Emerson-Fittipaldi.jpg
231,https://www.f1-fansite.com/wp-content/uploads/2012/06/james-hunt.jpg
289,https://www.f1-fansite.com/wp-content/uploads/2012/06/Graham-Hill.jpg
304,https://www.f1-fansite.com/wp-content/uploads/2012/06/denny-hulme.jpg
328,https://www.f1-fansite.com/wp-content/uploads/2012/06/Jackie-Stewart.jpg
341,https://www.f1-fansite.com/wp-content/uploads/2012/06/John-Surtees.jpg
356,https://www.f1-fansite.com/wp-content/uploads/2012/06/jack-brabham.jpg
358,https://www.f1-fansite.com/wp-content/uploads/2012/06/jochen-rindt.jpg
373,https://www.f1-fansite.com/wp-content/uploads/2012/06/jim-clark.jpg
403,https://www.f1-fansite.com/wp-content/uploads/2012/06/phill-hill.jpg
578,https://www.f1-fansite.com/wp-content/uploads/2012/06/mike-hawthorn.jpg
579,https://www.f1-fansite.com/wp-content/uploads/2012/06/Juan-Manuel-Fangio.jpg
642,https://www.f1-fansite.com/wp-content/uploads/2012/06/Nino-Farina-1951.jpg
647,https://www.f1-fansite.com/wp-content/uploads/2012/06/alberto-ascari.jpg
830,https://www.f1-fansite.com/wp-content/uploads/2014/08/Max-Verstappen-2017.jpg
